<metadata xml:lang="en"><Esri><CreaDate>20110125</CreaDate><CreaTime>15275000</CreaTime><SyncOnce>FALSE</SyncOnce><DataProperties><lineage><Process Name="Create Feature Class" ToolSource="C:\Program Files\ArcGIS\ArcToolbox\Toolboxes\Data Management Tools.tbx\CreateFeatureclass" Date="20070608" Time="143552" export="">CreateFeatureclass "Database Connections\gisdata@OTIS@cambridge.sde\cambridge.GISDATA.Transportation" SubwayStationsCambridge # GISDATA_Layer SAME_AS_TEMPLATE SAME_AS_TEMPLATE "PROJCS['NAD_1983_StatePlane_Massachusetts_Mainland_FIPS_2001',GEOGCS['GCS_North_American_1983',DATUM['D_North_American_1983',SPHEROID['GRS_1980',6378137.0,298.257222101]],PRIMEM['Greenwich',0.0],UNIT['Degree',0.0174532925199433]],PROJECTION['Lambert_Conformal_Conic'],PARAMETER['False_Easting',200000.0],PARAMETER['False_Northing',750000.0],PARAMETER['Central_Meridian',-71.5],PARAMETER['Standard_Parallel_1',41.71666666666667],PARAMETER['Standard_Parallel_2',42.68333333333333],PARAMETER['Latitude_Of_Origin',41.0],UNIT['Meter',1.0]];162307.696584965 828191.463964 15624.9999854481;0 1;0 1" # 0 0 0 "Database Connections\gisdata@OTIS@cambridge.sde\cambridge.GISDATA.Transportation\cambridge.GISDATA.SubwayStationsCambridge"</Process><Process Name="Append" ToolSource="C:\Program Files\ArcGIS\ArcToolbox\Toolboxes\Data Management Tools.tbx\Append" Date="20070608" Time="143553" export="">Append GISDATA_Layer "Database Connections\gisdata@OTIS@cambridge.sde\cambridge.GISDATA.Transportation\cambridge.GISDATA.SubwayStationsCambridge" TEST "Database Connections\gisdata@OTIS@cambridge.sde\cambridge.GISDATA.Transportation\cambridge.GISDATA.SubwayStationsCambridge"</Process><Process Name="FeatureClassToFeatureClass_7" ToolSource="C:\Program Files\ArcGIS\ArcToolbox\Toolboxes\Conversion Tools.tbx\FeatureClassToFeatureClass" Date="20070608" Time="143554" export="">FeatureClassToFeatureClass "Database Connections\gisdata@OTIS@cambridge.sde\cambridge.GISDATA.SubwayStations" "Database Connections\gisdata@OTIS@cambridge.sde\cambridge.GISDATA.Transportation" SubwayStationsCambridge # "OBJECTID OBJECTID VISIBLE;STATION STATION VISIBLE;LINE LINE VISIBLE" SAME_AS_TEMPLATE SAME_AS_TEMPLATE # 0 "Database Connections\gisdata@OTIS@cambridge.sde\cambridge.GISDATA.Transportation\cambridge.GISDATA.SubwayStationsCambridge"</Process><Process ToolSource="C:\Program Files\ArcGIS\Desktop10.0\ArcToolbox\Toolboxes\Data Management Tools.tbx\DeleteField" Date="20101228" Time="111710" Name="" export="">DeleteField "Database Connections\GISDATA.cambridge.SDETEST.dc.sde\cambridge.GISDATA.TRANS_SubwayStations" OBJECTID</Process><Process ToolSource="C:\Program Files\ArcGIS\Desktop10.0\ArcToolbox\Toolboxes\Data Management Tools.tbx\ChangePrivileges" Date="20110105" Time="152411" Name="" export="">ChangePrivileges 'Database Connections\GISDATA.cambridge.SDETEST.dc.sde\cambridge.GISDATA.ADDRESS_AddressPoints';'Database Connections\GISDATA.cambridge.SDETEST.dc.sde\cambridge.GISDATA.ADDRESS_MasterAddressBlocks';'Database Connections\GISDATA.cambridge.SDETEST.dc.sde\cambridge.GISDATA.ADDRESS_StreetNumberAnno';'Database Connections\GISDATA.cambridge.SDETEST.dc.sde\cambridge.GISDATA.BASEMAP_Cemeteries';'Database Connections\GISDATA.cambridge.SDETEST.dc.sde\cambridge.GISDATA.BASEMAP_Docks';'Database Connections\GISDATA.cambridge.SDETEST.dc.sde\cambridge.GISDATA.BASEMAP_Driveways';'Database Connections\GISDATA.cambridge.SDETEST.dc.sde\cambridge.GISDATA.BASEMAP_Fences';'Database Connections\GISDATA.cambridge.SDETEST.dc.sde\cambridge.GISDATA.BASEMAP_Headstones';'Database Connections\GISDATA.cambridge.SDETEST.dc.sde\cambridge.GISDATA.BASEMAP_ImperviousOther';'Database Connections\GISDATA.cambridge.SDETEST.dc.sde\cambridge.GISDATA.BASEMAP_MiscStructures';'Database Connections\GISDATA.cambridge.SDETEST.dc.sde\cambridge.GISDATA.BASEMAP_ParkingLots';'Database Connections\GISDATA.cambridge.SDETEST.dc.sde\cambridge.GISDATA.BASEMAP_Pools';'Database Connections\GISDATA.cambridge.SDETEST.dc.sde\cambridge.GISDATA.BASEMAP_PrivateWalkways';'Database Connections\GISDATA.cambridge.SDETEST.dc.sde\cambridge.GISDATA.BASEMAP_PublicFootpaths';'Database Connections\GISDATA.cambridge.SDETEST.dc.sde\cambridge.GISDATA.BASEMAP_Vegetation';'Database Connections\GISDATA.cambridge.SDETEST.dc.sde\cambridge.GISDATA.BASEMAP_Walls';'Database Connections\GISDATA.cambridge.SDETEST.dc.sde\cambridge.GISDATA.BOUNDARY_CDDNeighborhoods';'Database Connections\GISDATA.cambridge.SDETEST.dc.sde\cambridge.GISDATA.BOUNDARY_CityBoundary';'Database Connections\GISDATA.cambridge.SDETEST.dc.sde\cambridge.GISDATA.BOUNDARY_StateTownBoundaries';'Database Connections\GISDATA.cambridge.SDETEST.dc.sde\cambridge.GISDATA.BOUNDARY_Zipcodes';'Database Connections\GISDATA.cambridge.SDETEST.dc.sde\cambridge.GISDATA.CDD_SpecialPermits';'Database Connections\GISDATA.cambridge.SDETEST.dc.sde\cambridge.GISDATA.ELECTIONS_PollingLocations';'Database Connections\GISDATA.cambridge.SDETEST.dc.sde\cambridge.GISDATA.ELECTIONS_StateRepDistricts';'Database Connections\GISDATA.cambridge.SDETEST.dc.sde\cambridge.GISDATA.ELECTIONS_StateSenateDistricts';'Database Connections\GISDATA.cambridge.SDETEST.dc.sde\cambridge.GISDATA.ELECTIONS_WardsPrecincts';'Database Connections\GISDATA.cambridge.SDETEST.dc.sde\cambridge.GISDATA.ELEVATION_ContourAnnotation';'Database Connections\GISDATA.cambridge.SDETEST.dc.sde\cambridge.GISDATA.ELEVATION_Contours';'Database Connections\GISDATA.cambridge.SDETEST.dc.sde\cambridge.GISDATA.ELEVATION_DTM_Breaklines';'Database Connections\GISDATA.cambridge.SDETEST.dc.sde\cambridge.GISDATA.ELEVATION_DTM_Points';'Database Connections\GISDATA.cambridge.SDETEST.dc.sde\cambridge.GISDATA.ELEVATION_SpotAnnotation';'Database Connections\GISDATA.cambridge.SDETEST.dc.sde\cambridge.GISDATA.ELEVATION_SpotElevations';'Database Connections\GISDATA.cambridge.SDETEST.dc.sde\cambridge.GISDATA.HEALTH_HealthClinics';'Database Connections\GISDATA.cambridge.SDETEST.dc.sde\cambridge.GISDATA.HEALTH_Hospitals';'Database Connections\GISDATA.cambridge.SDETEST.dc.sde\cambridge.GISDATA.HISTORICAL_HistoricalCPA';'Database Connections\GISDATA.cambridge.SDETEST.dc.sde\cambridge.GISDATA.HISTORICAL_HistoricalMarkers';'Database Connections\GISDATA.cambridge.SDETEST.dc.sde\cambridge.GISDATA.HISTORICAL_HistoricDistricts';'Database Connections\GISDATA.cambridge.SDETEST.dc.sde\cambridge.GISDATA.HISTORICAL_LandmarksEasements';'Database Connections\GISDATA.cambridge.SDETEST.dc.sde\cambridge.GISDATA.HISTORICAL_NationalRegisterHistoricPlaces';'Database Connections\GISDATA.cambridge.SDETEST.dc.sde\cambridge.GISDATA.HISTORICAL_NhoodConservationDist';'Database Connections\GISDATA.cambridge.SDETEST.dc.sde\cambridge.GISDATA.HYDRO_FloodPlains';'Database Connections\GISDATA.cambridge.SDETEST.dc.sde\cambridge.GISDATA.HYDRO_Streams';'Database Connections\GISDATA.cambridge.SDETEST.dc.sde\cambridge.GISDATA.HYDRO_WaterBodies';'Database Connections\GISDATA.cambridge.SDETEST.dc.sde\cambridge.GISDATA.HYDRO_Wetlands';'Database Connections\GISDATA.cambridge.SDETEST.dc.sde\cambridge.GISDATA.INFRA_Billboards';'Database Connections\GISDATA.cambridge.SDETEST.dc.sde\cambridge.GISDATA.INFRA_OverheadSigns';'Database Connections\GISDATA.cambridge.SDETEST.dc.sde\cambridge.GISDATA.INFRA_ParkBenches';'Database Connections\GISDATA.cambridge.SDETEST.dc.sde\cambridge.GISDATA.INFRA_StreetLights2010';'Database Connections\GISDATA.cambridge.SDETEST.dc.sde\cambridge.GISDATA.INFRA_StreetLightsNSTAR2005';'Database Connections\GISDATA.cambridge.SDETEST.dc.sde\cambridge.GISDATA.INFRA_UtilitiyFacilities';'Database Connections\GISDATA.cambridge.SDETEST.dc.sde\cambridge.GISDATA.INFRA_UtilityPoles';'Database Connections\GISDATA.cambridge.SDETEST.dc.sde\cambridge.GISDATA.LANDMARK_DayCareFacilities';'Database Connections\GISDATA.cambridge.SDETEST.dc.sde\cambridge.GISDATA.LANDMARK_ElderlyFacilities';'Database Connections\GISDATA.cambridge.SDETEST.dc.sde\cambridge.GISDATA.LANDMARK_MemorialPoles';'Database Connections\GISDATA.cambridge.SDETEST.dc.sde\cambridge.GISDATA.LANDMARK_MiscCityOwnedBuildings';'Database Connections\GISDATA.cambridge.SDETEST.dc.sde\cambridge.GISDATA.LANDMARK_MunicipalBuildings';'Database Connections\GISDATA.cambridge.SDETEST.dc.sde\cambridge.GISDATA.LANDMARK_MunicipalParkingLots';'Database Connections\GISDATA.cambridge.SDETEST.dc.sde\cambridge.GISDATA.LANDMARK_PlacesOfWorship';'Database Connections\GISDATA.cambridge.SDETEST.dc.sde\cambridge.GISDATA.LANDMARK_PostOffices';'Database Connections\GISDATA.cambridge.SDETEST.dc.sde\cambridge.GISDATA.LANDMARK_PrivateSchools';'Database Connections\GISDATA.cambridge.SDETEST.dc.sde\cambridge.GISDATA.LANDMARK_PublicLibraries';'Database Connections\GISDATA.cambridge.SDETEST.dc.sde\cambridge.GISDATA.LANDMARK_PublicSchools';'Database Connections\GISDATA.cambridge.SDETEST.dc.sde\cambridge.GISDATA.LANDMARK_YouthCenters';'Database Connections\GISDATA.cambridge.SDETEST.dc.sde\cambridge.GISDATA.MAPTEXT_CemeteryName';'Database Connections\GISDATA.cambridge.SDETEST.dc.sde\cambridge.GISDATA.MAPTEXT_HydroNames';'Database Connections\GISDATA.cambridge.SDETEST.dc.sde\cambridge.GISDATA.MAPTEXT_PlaceNames';'Database Connections\GISDATA.cambridge.SDETEST.dc.sde\cambridge.GISDATA.PUBLICSAFETY_EmergencyShelters';'Database Connections\GISDATA.cambridge.SDETEST.dc.sde\cambridge.GISDATA.PUBLICSAFETY_FireBoxes';'Database Connections\GISDATA.cambridge.SDETEST.dc.sde\cambridge.GISDATA.PUBLICSAFETY_FireStations';'Database Connections\GISDATA.cambridge.SDETEST.dc.sde\cambridge.GISDATA.PUBLICSAFETY_PoliceResponseDistricts';'Database Connections\GISDATA.cambridge.SDETEST.dc.sde\cambridge.GISDATA.PUBLICSAFETY_PoliceStation';'Database Connections\GISDATA.cambridge.SDETEST.dc.sde\cambridge.GISDATA.RECREATION_BikeFacilities';'Database Connections\GISDATA.cambridge.SDETEST.dc.sde\cambridge.GISDATA.RECREATION_CommunityGardens';'Database Connections\GISDATA.cambridge.SDETEST.dc.sde\cambridge.GISDATA.RECREATION_Playgrounds';'Database Connections\GISDATA.cambridge.SDETEST.dc.sde\cambridge.GISDATA.RECREATION_SportsAreas';'Database Connections\GISDATA.cambridge.SDETEST.dc.sde\cambridge.GISDATA.RECREATION_StatewideBikeTrails';'Database Connections\GISDATA.cambridge.SDETEST.dc.sde\cambridge.GISDATA.RECREATION_Waterplay';'Database Connections\GISDATA.cambridge.SDETEST.dc.sde\cambridge.GISDATA.REMEDY_Stations';'Database Connections\GISDATA.cambridge.SDETEST.dc.sde\cambridge.GISDATA.TRAFFIC_BikeRacks';'Database Connections\GISDATA.cambridge.SDETEST.dc.sde\cambridge.GISDATA.TRAFFIC_BikeRacksCluster';'Database Connections\GISDATA.cambridge.SDETEST.dc.sde\cambridge.GISDATA.TRAFFIC_CommercialParking';'Database Connections\GISDATA.cambridge.SDETEST.dc.sde\cambridge.GISDATA.TRAFFIC_MeteredParkingSpaces';'Database Connections\GISDATA.cambridge.SDETEST.dc.sde\cambridge.GISDATA.TRAFFIC_PavementMarkings';'Database Connections\GISDATA.cambridge.SDETEST.dc.sde\cambridge.GISDATA.TRAFFIC_PermitDistricts';'Database Connections\GISDATA.cambridge.SDETEST.dc.sde\cambridge.GISDATA.TRAFFIC_PermitRoads';'Database Connections\GISDATA.cambridge.SDETEST.dc.sde\cambridge.GISDATA.TRAFFIC_Signals';'Database Connections\GISDATA.cambridge.SDETEST.dc.sde\cambridge.GISDATA.TRANS_BusShelters';'Database Connections\GISDATA.cambridge.SDETEST.dc.sde\cambridge.GISDATA.TRANS_BusShelters2010';'Database Connections\GISDATA.cambridge.SDETEST.dc.sde\cambridge.GISDATA.TRANS_MajorRoads';'Database Connections\GISDATA.cambridge.SDETEST.dc.sde\cambridge.GISDATA.TRANS_MBTA_BusRoutes';'Database Connections\GISDATA.cambridge.SDETEST.dc.sde\cambridge.GISDATA.TRANS_MBTA_BusStops';'Database Connections\GISDATA.cambridge.SDETEST.dc.sde\cambridge.GISDATA.TRANS_MBTA_CommuterRail';'Database Connections\GISDATA.cambridge.SDETEST.dc.sde\cambridge.GISDATA.TRANS_MBTA_CommuterRailStations';'Database Connections\GISDATA.cambridge.SDETEST.dc.sde\cambridge.GISDATA.TRANS_MBTA_SubwayLines';'Database Connections\GISDATA.cambridge.SDETEST.dc.sde\cambridge.GISDATA.TRANS_MBTA_SubwayStations';'Database Connections\GISDATA.cambridge.SDETEST.dc.sde\cambridge.GISDATA.TRANS_OneWayLines';'Database Connections\GISDATA.cambridge.SDETEST.dc.sde\cambridge.GISDATA.TRANS_Rail';'Database Connections\GISDATA.cambridge.SDETEST.dc.sde\cambridge.GISDATA.TRANS_SidewalkCenterlines';'Database Connections\GISDATA.cambridge.SDETEST.dc.sde\cambridge.GISDATA.TRANS_SubwayHeadhouses';'Database Connections\GISDATA.cambridge.SDETEST.dc.sde\cambridge.GISDATA.TRANS_SubwayLines';'Database Connections\GISDATA.cambridge.SDETEST.dc.sde\cambridge.GISDATA.TRANS_SubwayStations' PUBLIC GRANT #</Process><Process ToolSource="C:\Program Files\ArcGIS\Desktop10.0\ArcToolbox\Toolboxes\Data Management Tools.tbx\ChangePrivileges" Date="20110125" Time="154454" Name="" export="">ChangePrivileges \\cosmo\users\Sean\data\sde\gisdata\gisdata.cambridge.mojo.sde\cambridge.GISDATA.ADDRESS_AddressPoints;\\cosmo\users\Sean\data\sde\gisdata\gisdata.cambridge.mojo.sde\cambridge.GISDATA.ADDRESS_MasterAddressBlocks;\\cosmo\users\Sean\data\sde\gisdata\gisdata.cambridge.mojo.sde\cambridge.GISDATA.ADDRESS_StreetNumberAnno;\\cosmo\users\Sean\data\sde\gisdata\gisdata.cambridge.mojo.sde\cambridge.GISDATA.BASEMAP_Buildings;\\cosmo\users\Sean\data\sde\gisdata\gisdata.cambridge.mojo.sde\cambridge.GISDATA.BASEMAP_Cemeteries;\\cosmo\users\Sean\data\sde\gisdata\gisdata.cambridge.mojo.sde\cambridge.GISDATA.BASEMAP_Decks;\\cosmo\users\Sean\data\sde\gisdata\gisdata.cambridge.mojo.sde\cambridge.GISDATA.BASEMAP_Docks;\\cosmo\users\Sean\data\sde\gisdata\gisdata.cambridge.mojo.sde\cambridge.GISDATA.BASEMAP_Driveways;\\cosmo\users\Sean\data\sde\gisdata\gisdata.cambridge.mojo.sde\cambridge.GISDATA.BASEMAP_Fences;\\cosmo\users\Sean\data\sde\gisdata\gisdata.cambridge.mojo.sde\cambridge.GISDATA.BASEMAP_Firewalls;\\cosmo\users\Sean\data\sde\gisdata\gisdata.cambridge.mojo.sde\cambridge.GISDATA.BASEMAP_Headstones;\\cosmo\users\Sean\data\sde\gisdata\gisdata.cambridge.mojo.sde\cambridge.GISDATA.BASEMAP_ImperviousOther;\\cosmo\users\Sean\data\sde\gisdata\gisdata.cambridge.mojo.sde\cambridge.GISDATA.BASEMAP_MiscStructures;\\cosmo\users\Sean\data\sde\gisdata\gisdata.cambridge.mojo.sde\cambridge.GISDATA.BASEMAP_ParkingLots;\\cosmo\users\Sean\data\sde\gisdata\gisdata.cambridge.mojo.sde\cambridge.GISDATA.BASEMAP_Plazas;\\cosmo\users\Sean\data\sde\gisdata\gisdata.cambridge.mojo.sde\cambridge.GISDATA.BASEMAP_Porches;\\cosmo\users\Sean\data\sde\gisdata\gisdata.cambridge.mojo.sde\cambridge.GISDATA.BASEMAP_PrivateWalkways;\\cosmo\users\Sean\data\sde\gisdata\gisdata.cambridge.mojo.sde\cambridge.GISDATA.BASEMAP_RooftopMechanicals;\\cosmo\users\Sean\data\sde\gisdata\gisdata.cambridge.mojo.sde\cambridge.GISDATA.BASEMAP_RooftopSolarPanels;\\cosmo\users\Sean\data\sde\gisdata\gisdata.cambridge.mojo.sde\cambridge.GISDATA.BASEMAP_SwimmingPools;\\cosmo\users\Sean\data\sde\gisdata\gisdata.cambridge.mojo.sde\cambridge.GISDATA.BASEMAP_Vegetation;\\cosmo\users\Sean\data\sde\gisdata\gisdata.cambridge.mojo.sde\cambridge.GISDATA.BASEMAP_Walls;\\cosmo\users\Sean\data\sde\gisdata\gisdata.cambridge.mojo.sde\cambridge.GISDATA.BOUNDARY_CDDNeighborhoods;\\cosmo\users\Sean\data\sde\gisdata\gisdata.cambridge.mojo.sde\cambridge.GISDATA.BOUNDARY_CityBoundary;\\cosmo\users\Sean\data\sde\gisdata\gisdata.cambridge.mojo.sde\cambridge.GISDATA.BOUNDARY_StateTownBoundaries;\\cosmo\users\Sean\data\sde\gisdata\gisdata.cambridge.mojo.sde\cambridge.GISDATA.BOUNDARY_Zipcodes;\\cosmo\users\Sean\data\sde\gisdata\gisdata.cambridge.mojo.sde\cambridge.GISDATA.CDD_SpecialPermits;\\cosmo\users\Sean\data\sde\gisdata\gisdata.cambridge.mojo.sde\cambridge.GISDATA.ELECTIONS_PollingLocations;\\cosmo\users\Sean\data\sde\gisdata\gisdata.cambridge.mojo.sde\cambridge.GISDATA.ELECTIONS_StateRepDistricts;\\cosmo\users\Sean\data\sde\gisdata\gisdata.cambridge.mojo.sde\cambridge.GISDATA.ELECTIONS_StateSenateDistricts;\\cosmo\users\Sean\data\sde\gisdata\gisdata.cambridge.mojo.sde\cambridge.GISDATA.ELECTIONS_WardsPrecincts;\\cosmo\users\Sean\data\sde\gisdata\gisdata.cambridge.mojo.sde\cambridge.GISDATA.ELEVATION_ContourAnnotation;\\cosmo\users\Sean\data\sde\gisdata\gisdata.cambridge.mojo.sde\cambridge.GISDATA.ELEVATION_Contours;\\cosmo\users\Sean\data\sde\gisdata\gisdata.cambridge.mojo.sde\cambridge.GISDATA.ELEVATION_SpotAnnotation;\\cosmo\users\Sean\data\sde\gisdata\gisdata.cambridge.mojo.sde\cambridge.GISDATA.ELEVATION_SpotElevations;\\cosmo\users\Sean\data\sde\gisdata\gisdata.cambridge.mojo.sde\cambridge.GISDATA.HEALTH_HealthClinics;\\cosmo\users\Sean\data\sde\gisdata\gisdata.cambridge.mojo.sde\cambridge.GISDATA.HEALTH_Hospitals;\\cosmo\users\Sean\data\sde\gisdata\gisdata.cambridge.mojo.sde\cambridge.GISDATA.HISTORICAL_HistoricalCPA;\\cosmo\users\Sean\data\sde\gisdata\gisdata.cambridge.mojo.sde\cambridge.GISDATA.HISTORICAL_HistoricalMarkers;\\cosmo\users\Sean\data\sde\gisdata\gisdata.cambridge.mojo.sde\cambridge.GISDATA.HISTORICAL_HistoricDistricts;\\cosmo\users\Sean\data\sde\gisdata\gisdata.cambridge.mojo.sde\cambridge.GISDATA.HISTORICAL_LandmarksEasements;\\cosmo\users\Sean\data\sde\gisdata\gisdata.cambridge.mojo.sde\cambridge.GISDATA.HISTORICAL_NationalRegisterHistoricPlaces;\\cosmo\users\Sean\data\sde\gisdata\gisdata.cambridge.mojo.sde\cambridge.GISDATA.HISTORICAL_NhoodConservationDist;\\cosmo\users\Sean\data\sde\gisdata\gisdata.cambridge.mojo.sde\cambridge.GISDATA.HYDRO_Floodplains;\\cosmo\users\Sean\data\sde\gisdata\gisdata.cambridge.mojo.sde\cambridge.GISDATA.HYDRO_WaterBodies;\\cosmo\users\Sean\data\sde\gisdata\gisdata.cambridge.mojo.sde\cambridge.GISDATA.HYDRO_Wetlands;\\cosmo\users\Sean\data\sde\gisdata\gisdata.cambridge.mojo.sde\cambridge.GISDATA.INFRA_Billboards;\\cosmo\users\Sean\data\sde\gisdata\gisdata.cambridge.mojo.sde\cambridge.GISDATA.INFRA_Culverts;\\cosmo\users\Sean\data\sde\gisdata\gisdata.cambridge.mojo.sde\cambridge.GISDATA.INFRA_OverheadSigns;\\cosmo\users\Sean\data\sde\gisdata\gisdata.cambridge.mojo.sde\cambridge.GISDATA.INFRA_ParkBenches;\\cosmo\users\Sean\data\sde\gisdata\gisdata.cambridge.mojo.sde\cambridge.GISDATA.INFRA_UtilitiyFacilities;\\cosmo\users\Sean\data\sde\gisdata\gisdata.cambridge.mojo.sde\cambridge.GISDATA.INFRA_UtilityPoles;\\cosmo\users\Sean\data\sde\gisdata\gisdata.cambridge.mojo.sde\cambridge.GISDATA.LANDMARK_DayCareFacilities;\\cosmo\users\Sean\data\sde\gisdata\gisdata.cambridge.mojo.sde\cambridge.GISDATA.LANDMARK_ElderlyFacilities;\\cosmo\users\Sean\data\sde\gisdata\gisdata.cambridge.mojo.sde\cambridge.GISDATA.LANDMARK_MemorialPoles;\\cosmo\users\Sean\data\sde\gisdata\gisdata.cambridge.mojo.sde\cambridge.GISDATA.LANDMARK_MiscCityOwnedBuildings;\\cosmo\users\Sean\data\sde\gisdata\gisdata.cambridge.mojo.sde\cambridge.GISDATA.LANDMARK_MunicipalBuildings;\\cosmo\users\Sean\data\sde\gisdata\gisdata.cambridge.mojo.sde\cambridge.GISDATA.LANDMARK_PlacesOfWorship;\\cosmo\users\Sean\data\sde\gisdata\gisdata.cambridge.mojo.sde\cambridge.GISDATA.LANDMARK_PostOffices;\\cosmo\users\Sean\data\sde\gisdata\gisdata.cambridge.mojo.sde\cambridge.GISDATA.LANDMARK_PrivateSchools;\\cosmo\users\Sean\data\sde\gisdata\gisdata.cambridge.mojo.sde\cambridge.GISDATA.LANDMARK_PublicLibraries;\\cosmo\users\Sean\data\sde\gisdata\gisdata.cambridge.mojo.sde\cambridge.GISDATA.LANDMARK_PublicSchools;\\cosmo\users\Sean\data\sde\gisdata\gisdata.cambridge.mojo.sde\cambridge.GISDATA.LANDMARK_YouthCenters;\\cosmo\users\Sean\data\sde\gisdata\gisdata.cambridge.mojo.sde\cambridge.GISDATA.MAPTEXT_CemeteryName;\\cosmo\users\Sean\data\sde\gisdata\gisdata.cambridge.mojo.sde\cambridge.GISDATA.MAPTEXT_HydroNames;\\cosmo\users\Sean\data\sde\gisdata\gisdata.cambridge.mojo.sde\cambridge.GISDATA.MAPTEXT_PlaceNames;\\cosmo\users\Sean\data\sde\gisdata\gisdata.cambridge.mojo.sde\cambridge.GISDATA.PUBLICSAFETY_EmergencyShelters;\\cosmo\users\Sean\data\sde\gisdata\gisdata.cambridge.mojo.sde\cambridge.GISDATA.PUBLICSAFETY_FireBoxes;\\cosmo\users\Sean\data\sde\gisdata\gisdata.cambridge.mojo.sde\cambridge.GISDATA.PUBLICSAFETY_FireStations;\\cosmo\users\Sean\data\sde\gisdata\gisdata.cambridge.mojo.sde\cambridge.GISDATA.PUBLICSAFETY_PoliceResponseDistricts;\\cosmo\users\Sean\data\sde\gisdata\gisdata.cambridge.mojo.sde\cambridge.GISDATA.PUBLICSAFETY_PoliceStation;\\cosmo\users\Sean\data\sde\gisdata\gisdata.cambridge.mojo.sde\cambridge.GISDATA.RECREATION_BikeFacilities;\\cosmo\users\Sean\data\sde\gisdata\gisdata.cambridge.mojo.sde\cambridge.GISDATA.RECREATION_CommunityGardens;\\cosmo\users\Sean\data\sde\gisdata\gisdata.cambridge.mojo.sde\cambridge.GISDATA.RECREATION_OpenSpace;\\cosmo\users\Sean\data\sde\gisdata\gisdata.cambridge.mojo.sde\cambridge.GISDATA.RECREATION_Playgrounds;\\cosmo\users\Sean\data\sde\gisdata\gisdata.cambridge.mojo.sde\cambridge.GISDATA.RECREATION_SportsAreas;\\cosmo\users\Sean\data\sde\gisdata\gisdata.cambridge.mojo.sde\cambridge.GISDATA.RECREATION_StatewideBikeTrails;\\cosmo\users\Sean\data\sde\gisdata\gisdata.cambridge.mojo.sde\cambridge.GISDATA.RECREATION_Waterplay;\\cosmo\users\Sean\data\sde\gisdata\gisdata.cambridge.mojo.sde\cambridge.GISDATA.REMEDY_Stations;\\cosmo\users\Sean\data\sde\gisdata\gisdata.cambridge.mojo.sde\cambridge.GISDATA.TRAFFIC_CommercialParking;\\cosmo\users\Sean\data\sde\gisdata\gisdata.cambridge.mojo.sde\cambridge.GISDATA.TRAFFIC_MeteredParkingSpaces;\\cosmo\users\Sean\data\sde\gisdata\gisdata.cambridge.mojo.sde\cambridge.GISDATA.TRAFFIC_MuncipalParkingLots;\\cosmo\users\Sean\data\sde\gisdata\gisdata.cambridge.mojo.sde\cambridge.GISDATA.TRAFFIC_PermitDistricts;\\cosmo\users\Sean\data\sde\gisdata\gisdata.cambridge.mojo.sde\cambridge.GISDATA.TRAFFIC_PermitRoads;\\cosmo\users\Sean\data\sde\gisdata\gisdata.cambridge.mojo.sde\cambridge.GISDATA.TRANS_MajorRoads;\\cosmo\users\Sean\data\sde\gisdata\gisdata.cambridge.mojo.sde\cambridge.GISDATA.TRANS_MBTA_BusRoutes;\\cosmo\users\Sean\data\sde\gisdata\gisdata.cambridge.mojo.sde\cambridge.GISDATA.TRANS_MBTA_BusStops;\\cosmo\users\Sean\data\sde\gisdata\gisdata.cambridge.mojo.sde\cambridge.GISDATA.TRANS_MBTA_CommuterRail;\\cosmo\users\Sean\data\sde\gisdata\gisdata.cambridge.mojo.sde\cambridge.GISDATA.TRANS_MBTA_CommuterRailStations;\\cosmo\users\Sean\data\sde\gisdata\gisdata.cambridge.mojo.sde\cambridge.GISDATA.TRANS_MBTA_SubwayLines;\\cosmo\users\Sean\data\sde\gisdata\gisdata.cambridge.mojo.sde\cambridge.GISDATA.TRANS_MBTA_SubwayStations;\\cosmo\users\Sean\data\sde\gisdata\gisdata.cambridge.mojo.sde\cambridge.GISDATA.TRANS_OneWayLines;\\cosmo\users\Sean\data\sde\gisdata\gisdata.cambridge.mojo.sde\cambridge.GISDATA.TRANS_Rail;\\cosmo\users\Sean\data\sde\gisdata\gisdata.cambridge.mojo.sde\cambridge.GISDATA.TRANS_SidewalkCenterlines;\\cosmo\users\Sean\data\sde\gisdata\gisdata.cambridge.mojo.sde\cambridge.GISDATA.TRANS_SubwayHeadhouses;\\cosmo\users\Sean\data\sde\gisdata\gisdata.cambridge.mojo.sde\cambridge.GISDATA.TRANS_SubwayLines;\\cosmo\users\Sean\data\sde\gisdata\gisdata.cambridge.mojo.sde\cambridge.GISDATA.TRANS_SubwayStations PUBLIC GRANT #</Process><Process ToolSource="C:\Program Files\ArcGIS\Desktop10.0\ArcToolbox\Toolboxes\Data Management Tools.tbx\ChangePrivileges" Date="20110125" Time="154623" Name="" export="">ChangePrivileges \\cosmo\users\Sean\data\sde\gisdata\gisdata.cambridge.mojo.sde\cambridge.GISDATA.ADDRESS_AddressPoints;\\cosmo\users\Sean\data\sde\gisdata\gisdata.cambridge.mojo.sde\cambridge.GISDATA.ADDRESS_MasterAddressBlocks;\\cosmo\users\Sean\data\sde\gisdata\gisdata.cambridge.mojo.sde\cambridge.GISDATA.ADDRESS_StreetNumberAnno;\\cosmo\users\Sean\data\sde\gisdata\gisdata.cambridge.mojo.sde\cambridge.GISDATA.BASEMAP_Buildings;\\cosmo\users\Sean\data\sde\gisdata\gisdata.cambridge.mojo.sde\cambridge.GISDATA.BASEMAP_Cemeteries;\\cosmo\users\Sean\data\sde\gisdata\gisdata.cambridge.mojo.sde\cambridge.GISDATA.BASEMAP_Decks;\\cosmo\users\Sean\data\sde\gisdata\gisdata.cambridge.mojo.sde\cambridge.GISDATA.BASEMAP_Docks;\\cosmo\users\Sean\data\sde\gisdata\gisdata.cambridge.mojo.sde\cambridge.GISDATA.BASEMAP_Driveways;\\cosmo\users\Sean\data\sde\gisdata\gisdata.cambridge.mojo.sde\cambridge.GISDATA.BASEMAP_Fences;\\cosmo\users\Sean\data\sde\gisdata\gisdata.cambridge.mojo.sde\cambridge.GISDATA.BASEMAP_Firewalls;\\cosmo\users\Sean\data\sde\gisdata\gisdata.cambridge.mojo.sde\cambridge.GISDATA.BASEMAP_Headstones;\\cosmo\users\Sean\data\sde\gisdata\gisdata.cambridge.mojo.sde\cambridge.GISDATA.BASEMAP_ImperviousOther;\\cosmo\users\Sean\data\sde\gisdata\gisdata.cambridge.mojo.sde\cambridge.GISDATA.BASEMAP_MiscStructures;\\cosmo\users\Sean\data\sde\gisdata\gisdata.cambridge.mojo.sde\cambridge.GISDATA.BASEMAP_ParkingLots;\\cosmo\users\Sean\data\sde\gisdata\gisdata.cambridge.mojo.sde\cambridge.GISDATA.BASEMAP_Plazas;\\cosmo\users\Sean\data\sde\gisdata\gisdata.cambridge.mojo.sde\cambridge.GISDATA.BASEMAP_Porches;\\cosmo\users\Sean\data\sde\gisdata\gisdata.cambridge.mojo.sde\cambridge.GISDATA.BASEMAP_PrivateWalkways;\\cosmo\users\Sean\data\sde\gisdata\gisdata.cambridge.mojo.sde\cambridge.GISDATA.BASEMAP_RooftopMechanicals;\\cosmo\users\Sean\data\sde\gisdata\gisdata.cambridge.mojo.sde\cambridge.GISDATA.BASEMAP_RooftopSolarPanels;\\cosmo\users\Sean\data\sde\gisdata\gisdata.cambridge.mojo.sde\cambridge.GISDATA.BASEMAP_SwimmingPools;\\cosmo\users\Sean\data\sde\gisdata\gisdata.cambridge.mojo.sde\cambridge.GISDATA.BASEMAP_Vegetation;\\cosmo\users\Sean\data\sde\gisdata\gisdata.cambridge.mojo.sde\cambridge.GISDATA.BASEMAP_Walls;\\cosmo\users\Sean\data\sde\gisdata\gisdata.cambridge.mojo.sde\cambridge.GISDATA.BOUNDARY_CDDNeighborhoods;\\cosmo\users\Sean\data\sde\gisdata\gisdata.cambridge.mojo.sde\cambridge.GISDATA.BOUNDARY_CityBoundary;\\cosmo\users\Sean\data\sde\gisdata\gisdata.cambridge.mojo.sde\cambridge.GISDATA.BOUNDARY_StateTownBoundaries;\\cosmo\users\Sean\data\sde\gisdata\gisdata.cambridge.mojo.sde\cambridge.GISDATA.BOUNDARY_Zipcodes;\\cosmo\users\Sean\data\sde\gisdata\gisdata.cambridge.mojo.sde\cambridge.GISDATA.CDD_SpecialPermits;\\cosmo\users\Sean\data\sde\gisdata\gisdata.cambridge.mojo.sde\cambridge.GISDATA.ELECTIONS_PollingLocations;\\cosmo\users\Sean\data\sde\gisdata\gisdata.cambridge.mojo.sde\cambridge.GISDATA.ELECTIONS_StateRepDistricts;\\cosmo\users\Sean\data\sde\gisdata\gisdata.cambridge.mojo.sde\cambridge.GISDATA.ELECTIONS_StateSenateDistricts;\\cosmo\users\Sean\data\sde\gisdata\gisdata.cambridge.mojo.sde\cambridge.GISDATA.ELECTIONS_WardsPrecincts;\\cosmo\users\Sean\data\sde\gisdata\gisdata.cambridge.mojo.sde\cambridge.GISDATA.ELEVATION_ContourAnnotation;\\cosmo\users\Sean\data\sde\gisdata\gisdata.cambridge.mojo.sde\cambridge.GISDATA.ELEVATION_Contours;\\cosmo\users\Sean\data\sde\gisdata\gisdata.cambridge.mojo.sde\cambridge.GISDATA.ELEVATION_SpotAnnotation;\\cosmo\users\Sean\data\sde\gisdata\gisdata.cambridge.mojo.sde\cambridge.GISDATA.ELEVATION_SpotElevations;\\cosmo\users\Sean\data\sde\gisdata\gisdata.cambridge.mojo.sde\cambridge.GISDATA.HEALTH_HealthClinics;\\cosmo\users\Sean\data\sde\gisdata\gisdata.cambridge.mojo.sde\cambridge.GISDATA.HEALTH_Hospitals;\\cosmo\users\Sean\data\sde\gisdata\gisdata.cambridge.mojo.sde\cambridge.GISDATA.HISTORICAL_HistoricalCPA;\\cosmo\users\Sean\data\sde\gisdata\gisdata.cambridge.mojo.sde\cambridge.GISDATA.HISTORICAL_HistoricalMarkers;\\cosmo\users\Sean\data\sde\gisdata\gisdata.cambridge.mojo.sde\cambridge.GISDATA.HISTORICAL_HistoricDistricts;\\cosmo\users\Sean\data\sde\gisdata\gisdata.cambridge.mojo.sde\cambridge.GISDATA.HISTORICAL_LandmarksEasements;\\cosmo\users\Sean\data\sde\gisdata\gisdata.cambridge.mojo.sde\cambridge.GISDATA.HISTORICAL_NationalRegisterHistoricPlaces;\\cosmo\users\Sean\data\sde\gisdata\gisdata.cambridge.mojo.sde\cambridge.GISDATA.HISTORICAL_NhoodConservationDist;\\cosmo\users\Sean\data\sde\gisdata\gisdata.cambridge.mojo.sde\cambridge.GISDATA.HYDRO_Floodplains;\\cosmo\users\Sean\data\sde\gisdata\gisdata.cambridge.mojo.sde\cambridge.GISDATA.HYDRO_WaterBodies;\\cosmo\users\Sean\data\sde\gisdata\gisdata.cambridge.mojo.sde\cambridge.GISDATA.HYDRO_Wetlands;\\cosmo\users\Sean\data\sde\gisdata\gisdata.cambridge.mojo.sde\cambridge.GISDATA.INFRA_Billboards;\\cosmo\users\Sean\data\sde\gisdata\gisdata.cambridge.mojo.sde\cambridge.GISDATA.INFRA_Culverts;\\cosmo\users\Sean\data\sde\gisdata\gisdata.cambridge.mojo.sde\cambridge.GISDATA.INFRA_OverheadSigns;\\cosmo\users\Sean\data\sde\gisdata\gisdata.cambridge.mojo.sde\cambridge.GISDATA.INFRA_ParkBenches;\\cosmo\users\Sean\data\sde\gisdata\gisdata.cambridge.mojo.sde\cambridge.GISDATA.INFRA_UtilitiyFacilities;\\cosmo\users\Sean\data\sde\gisdata\gisdata.cambridge.mojo.sde\cambridge.GISDATA.INFRA_UtilityPoles;\\cosmo\users\Sean\data\sde\gisdata\gisdata.cambridge.mojo.sde\cambridge.GISDATA.LANDMARK_DayCareFacilities;\\cosmo\users\Sean\data\sde\gisdata\gisdata.cambridge.mojo.sde\cambridge.GISDATA.LANDMARK_ElderlyFacilities;\\cosmo\users\Sean\data\sde\gisdata\gisdata.cambridge.mojo.sde\cambridge.GISDATA.LANDMARK_MemorialPoles;\\cosmo\users\Sean\data\sde\gisdata\gisdata.cambridge.mojo.sde\cambridge.GISDATA.LANDMARK_MiscCityOwnedBuildings;\\cosmo\users\Sean\data\sde\gisdata\gisdata.cambridge.mojo.sde\cambridge.GISDATA.LANDMARK_MunicipalBuildings;\\cosmo\users\Sean\data\sde\gisdata\gisdata.cambridge.mojo.sde\cambridge.GISDATA.LANDMARK_PlacesOfWorship;\\cosmo\users\Sean\data\sde\gisdata\gisdata.cambridge.mojo.sde\cambridge.GISDATA.LANDMARK_PostOffices;\\cosmo\users\Sean\data\sde\gisdata\gisdata.cambridge.mojo.sde\cambridge.GISDATA.LANDMARK_PrivateSchools;\\cosmo\users\Sean\data\sde\gisdata\gisdata.cambridge.mojo.sde\cambridge.GISDATA.LANDMARK_PublicLibraries;\\cosmo\users\Sean\data\sde\gisdata\gisdata.cambridge.mojo.sde\cambridge.GISDATA.LANDMARK_PublicSchools;\\cosmo\users\Sean\data\sde\gisdata\gisdata.cambridge.mojo.sde\cambridge.GISDATA.LANDMARK_YouthCenters;\\cosmo\users\Sean\data\sde\gisdata\gisdata.cambridge.mojo.sde\cambridge.GISDATA.MAPTEXT_CemeteryName;\\cosmo\users\Sean\data\sde\gisdata\gisdata.cambridge.mojo.sde\cambridge.GISDATA.MAPTEXT_HydroNames;\\cosmo\users\Sean\data\sde\gisdata\gisdata.cambridge.mojo.sde\cambridge.GISDATA.MAPTEXT_PlaceNames;\\cosmo\users\Sean\data\sde\gisdata\gisdata.cambridge.mojo.sde\cambridge.GISDATA.PUBLICSAFETY_EmergencyShelters;\\cosmo\users\Sean\data\sde\gisdata\gisdata.cambridge.mojo.sde\cambridge.GISDATA.PUBLICSAFETY_FireBoxes;\\cosmo\users\Sean\data\sde\gisdata\gisdata.cambridge.mojo.sde\cambridge.GISDATA.PUBLICSAFETY_FireStations;\\cosmo\users\Sean\data\sde\gisdata\gisdata.cambridge.mojo.sde\cambridge.GISDATA.PUBLICSAFETY_PoliceResponseDistricts;\\cosmo\users\Sean\data\sde\gisdata\gisdata.cambridge.mojo.sde\cambridge.GISDATA.PUBLICSAFETY_PoliceStation;\\cosmo\users\Sean\data\sde\gisdata\gisdata.cambridge.mojo.sde\cambridge.GISDATA.RECREATION_BikeFacilities;\\cosmo\users\Sean\data\sde\gisdata\gisdata.cambridge.mojo.sde\cambridge.GISDATA.RECREATION_CommunityGardens;\\cosmo\users\Sean\data\sde\gisdata\gisdata.cambridge.mojo.sde\cambridge.GISDATA.RECREATION_OpenSpace;\\cosmo\users\Sean\data\sde\gisdata\gisdata.cambridge.mojo.sde\cambridge.GISDATA.RECREATION_Playgrounds;\\cosmo\users\Sean\data\sde\gisdata\gisdata.cambridge.mojo.sde\cambridge.GISDATA.RECREATION_SportsAreas;\\cosmo\users\Sean\data\sde\gisdata\gisdata.cambridge.mojo.sde\cambridge.GISDATA.RECREATION_StatewideBikeTrails;\\cosmo\users\Sean\data\sde\gisdata\gisdata.cambridge.mojo.sde\cambridge.GISDATA.RECREATION_Waterplay;\\cosmo\users\Sean\data\sde\gisdata\gisdata.cambridge.mojo.sde\cambridge.GISDATA.REMEDY_Stations;\\cosmo\users\Sean\data\sde\gisdata\gisdata.cambridge.mojo.sde\cambridge.GISDATA.TRAFFIC_CommercialParking;\\cosmo\users\Sean\data\sde\gisdata\gisdata.cambridge.mojo.sde\cambridge.GISDATA.TRAFFIC_MeteredParkingSpaces;\\cosmo\users\Sean\data\sde\gisdata\gisdata.cambridge.mojo.sde\cambridge.GISDATA.TRAFFIC_MuncipalParkingLots;\\cosmo\users\Sean\data\sde\gisdata\gisdata.cambridge.mojo.sde\cambridge.GISDATA.TRAFFIC_PermitDistricts;\\cosmo\users\Sean\data\sde\gisdata\gisdata.cambridge.mojo.sde\cambridge.GISDATA.TRAFFIC_PermitRoads;\\cosmo\users\Sean\data\sde\gisdata\gisdata.cambridge.mojo.sde\cambridge.GISDATA.TRANS_MajorRoads;\\cosmo\users\Sean\data\sde\gisdata\gisdata.cambridge.mojo.sde\cambridge.GISDATA.TRANS_MBTA_BusRoutes;\\cosmo\users\Sean\data\sde\gisdata\gisdata.cambridge.mojo.sde\cambridge.GISDATA.TRANS_MBTA_BusStops;\\cosmo\users\Sean\data\sde\gisdata\gisdata.cambridge.mojo.sde\cambridge.GISDATA.TRANS_MBTA_CommuterRail;\\cosmo\users\Sean\data\sde\gisdata\gisdata.cambridge.mojo.sde\cambridge.GISDATA.TRANS_MBTA_CommuterRailStations;\\cosmo\users\Sean\data\sde\gisdata\gisdata.cambridge.mojo.sde\cambridge.GISDATA.TRANS_MBTA_SubwayLines;\\cosmo\users\Sean\data\sde\gisdata\gisdata.cambridge.mojo.sde\cambridge.GISDATA.TRANS_MBTA_SubwayStations;\\cosmo\users\Sean\data\sde\gisdata\gisdata.cambridge.mojo.sde\cambridge.GISDATA.TRANS_OneWayLines;\\cosmo\users\Sean\data\sde\gisdata\gisdata.cambridge.mojo.sde\cambridge.GISDATA.TRANS_Rail;\\cosmo\users\Sean\data\sde\gisdata\gisdata.cambridge.mojo.sde\cambridge.GISDATA.TRANS_SidewalkCenterlines;\\cosmo\users\Sean\data\sde\gisdata\gisdata.cambridge.mojo.sde\cambridge.GISDATA.TRANS_SubwayHeadhouses;\\cosmo\users\Sean\data\sde\gisdata\gisdata.cambridge.mojo.sde\cambridge.GISDATA.TRANS_SubwayLines;\\cosmo\users\Sean\data\sde\gisdata\gisdata.cambridge.mojo.sde\cambridge.GISDATA.TRANS_SubwayStations cambridge_editor GRANT GRANT</Process><Process ToolSource="c:\program files (x86)\arcgis\desktop10.2\ArcToolbox\Toolboxes\Conversion Tools.tbx\FeatureClassToFeatureClass" Date="20140331" Time="124417">FeatureClassToFeatureClass //mojo//data//cambridge.mojo.sde\cambridge.gisdata.TRANS_SubwayStations "\\cosmo\Data\Data for Distribution\Shapefiles\ForDownload" TRANS_SubwayStations # "STATION "STATION" true true false 25 Text 0 0 ,First,#,//mojo//data//cambridge.mojo.sde\cambridge.gisdata.TRANS_SubwayStations,STATION,-1,-1;LINE "LINE" true true false 12 Text 0 0 ,First,#,//mojo//data//cambridge.mojo.sde\cambridge.gisdata.TRANS_SubwayStations,LINE,-1,-1" #</Process></lineage><itemProps><itemLocation><linkage Sync="TRUE">file://\\cosmo\Data\Data for Distribution\Shapefiles\ForDownload\TRANS_SubwayStations.shp</linkage><protocol Sync="TRUE">Local Area Network</protocol></itemLocation><itemName Sync="TRUE">TRANS_SubwayStations</itemName><imsContentType Sync="TRUE">002</imsContentType><nativeExtBox><westBL Sync="TRUE">752981.590000</westBL><eastBL Sync="TRUE">772954.490000</eastBL><southBL Sync="TRUE">2956937.170000</southBL><northBL Sync="TRUE">2969832.480000</northBL><exTypeCode Sync="TRUE">1</exTypeCode></nativeExtBox><itemSize Sync="TRUE">0.000</itemSize></itemProps><coordRef><type Sync="TRUE">Projected</type><geogcsn Sync="TRUE">GCS_North_American_1983</geogcsn><csUnits Sync="TRUE">Linear Unit: Foot_US (0.304801)</csUnits><projcsn Sync="TRUE">NAD_1983_StatePlane_Massachusetts_Mainland_FIPS_2001_Feet</projcsn><peXml Sync="TRUE">&lt;ProjectedCoordinateSystem xsi:type='typens:ProjectedCoordinateSystem' xmlns:xsi='http://www.w3.org/2001/XMLSchema-instance' xmlns:xs='http://www.w3.org/2001/XMLSchema' xmlns:typens='http://www.esri.com/schemas/ArcGIS/10.1'&gt;&lt;WKT&gt;PROJCS[&amp;quot;NAD_1983_StatePlane_Massachusetts_Mainland_FIPS_2001_Feet&amp;quot;,GEOGCS[&amp;quot;GCS_North_American_1983&amp;quot;,DATUM[&amp;quot;D_North_American_1983&amp;quot;,SPHEROID[&amp;quot;GRS_1980&amp;quot;,6378137.0,298.257222101]],PRIMEM[&amp;quot;Greenwich&amp;quot;,0.0],UNIT[&amp;quot;Degree&amp;quot;,0.0174532925199433]],PROJECTION[&amp;quot;Lambert_Conformal_Conic&amp;quot;],PARAMETER[&amp;quot;False_Easting&amp;quot;,656166.6666666665],PARAMETER[&amp;quot;False_Northing&amp;quot;,2460625.0],PARAMETER[&amp;quot;Central_Meridian&amp;quot;,-71.5],PARAMETER[&amp;quot;Standard_Parallel_1&amp;quot;,41.71666666666667],PARAMETER[&amp;quot;Standard_Parallel_2&amp;quot;,42.68333333333333],PARAMETER[&amp;quot;Latitude_Of_Origin&amp;quot;,41.0],UNIT[&amp;quot;Foot_US&amp;quot;,0.3048006096012192],AUTHORITY[&amp;quot;EPSG&amp;quot;,2249]]&lt;/WKT&gt;&lt;XOrigin&gt;-119851500&lt;/XOrigin&gt;&lt;YOrigin&gt;-94498200&lt;/YOrigin&gt;&lt;XYScale&gt;37371882.687749371&lt;/XYScale&gt;&lt;ZOrigin&gt;-100000&lt;/ZOrigin&gt;&lt;ZScale&gt;10000&lt;/ZScale&gt;&lt;MOrigin&gt;-100000&lt;/MOrigin&gt;&lt;MScale&gt;10000&lt;/MScale&gt;&lt;XYTolerance&gt;0.0032808333333333331&lt;/XYTolerance&gt;&lt;ZTolerance&gt;0.001&lt;/ZTolerance&gt;&lt;MTolerance&gt;0.001&lt;/MTolerance&gt;&lt;HighPrecision&gt;true&lt;/HighPrecision&gt;&lt;WKID&gt;102686&lt;/WKID&gt;&lt;LatestWKID&gt;2249&lt;/LatestWKID&gt;&lt;/ProjectedCoordinateSystem&gt;</peXml></coordRef></DataProperties><SyncDate>20140331</SyncDate><SyncTime>12441700</SyncTime><ModDate>20140331</ModDate><ModTime>12441700</ModTime><ArcGISFormat>1.0</ArcGISFormat><scaleRange><minScale>150000000</minScale><maxScale>5000</maxScale></scaleRange><ArcGISProfile>FGDC</ArcGISProfile></Esri><idinfo><native Sync="TRUE">Microsoft Windows XP Version 5.1 (Build 2600) Service Pack 3; ESRI ArcCatalog 9.3.1.4000</native><descript><langdata Sync="TRUE">en</langdata><abstract>This point layer contains all of the MBTA Subway Stations in Cambridge.</abstract><purpose>Created in-house by using the building centroid of subway head houses. Used for mapping purposes.</purpose></descript><citation><citeinfo><origin>City of Cambridge GIS; Data from MBTA</origin><pubdate>2004</pubdate><title>TRANS_SubwayStations</title><ftname Sync="TRUE">cambridge.GISDATA.SubwayStationsCambridge</ftname><geoform Sync="TRUE">vector digital data</geoform><onlink Sync="TRUE">Server=otis; Service=5151; Database=cambridge; User=aroesch; Version=sde.DEFAULT</onlink></citeinfo></citation><timeperd><current>publication date</current><timeinfo><sngdate><caldate>2004</caldate></sngdate></timeinfo></timeperd><status><progress>Complete</progress><update>None planned</update></status><spdom><bounding><westbc Sync="TRUE">-71.141780</westbc><eastbc Sync="TRUE">-71.067639</eastbc><northbc Sync="TRUE">42.396814</northbc><southbc Sync="TRUE">42.361175</southbc></bounding><lboundng><leftbc Sync="TRUE">752981.590000</leftbc><rightbc Sync="TRUE">772954.490000</rightbc><bottombc Sync="TRUE">2956937.170000</bottombc><topbc Sync="TRUE">2969832.480000</topbc></lboundng></spdom><keywords><theme><themekey>Subway stations</themekey></theme></keywords><natvform Sync="TRUE">SDE Feature Class</natvform><ptcontac><cntinfo><cntperp><cntper>GIS Manager</cntper><cntorg>City of Cambridge GIS</cntorg></cntperp><cntaddr><addrtype>mailing and physical address</addrtype><address>831 Massachusetts Ave., 2nd Floor</address><city>Cambridge</city><state>MA</state><postal>02139</postal></cntaddr><cntvoice>617-349-4140</cntvoice><cntfax>617-349-6165</cntfax><cntemail>gis@cambridgema.gov</cntemail></cntinfo></ptcontac></idinfo><dataIdInfo><envirDesc Sync="TRUE">Microsoft Windows 7 Version 6.1 (Build 7601) Service Pack 1; Esri ArcGIS 10.2.1.3497</envirDesc><dataLang><languageCode Sync="TRUE" value="eng"/><countryCode value="USA" Sync="TRUE"/></dataLang><idCitation xmlns=""><resTitle Sync="FALSE">TRANS_SubwayStations</resTitle><presForm xmlns=""><PresFormCd Sync="TRUE" value="005"/></presForm></idCitation><spatRpType><SpatRepTypCd Sync="TRUE" value="001"/></spatRpType><dataExt><geoEle><GeoBndBox esriExtentType="native"><westBL Sync="TRUE">752981.59</westBL><eastBL Sync="TRUE">772954.49</eastBL><northBL Sync="TRUE">2969832.48</northBL><southBL Sync="TRUE">2956937.17</southBL><exTypeCode Sync="TRUE">1</exTypeCode></GeoBndBox></geoEle></dataExt><geoBox esriExtentType="decdegrees"><westBL Sync="TRUE">-71.14178</westBL><eastBL Sync="TRUE">-71.067639</eastBL><northBL Sync="TRUE">42.396814</northBL><southBL Sync="TRUE">42.361175</southBL><exTypeCode Sync="TRUE">1</exTypeCode></geoBox><dataExt><geoEle xmlns=""><GeoBndBox esriExtentType="search"><exTypeCode Sync="TRUE">1</exTypeCode><westBL Sync="TRUE">-71.141780</westBL><eastBL Sync="TRUE">-71.067639</eastBL><northBL Sync="TRUE">42.396814</northBL><southBL Sync="TRUE">42.361175</southBL></GeoBndBox></geoEle></dataExt><idPurp>Created in-house by using the building centroid of subway head houses. Used for mapping purposes.</idPurp><idAbs>&lt;DIV STYLE="text-align:Left;"&gt;&lt;DIV&gt;&lt;DIV&gt;&lt;P&gt;&lt;SPAN&gt;This point layer contains all of the MBTA Subway Stations in Cambridge.&lt;/SPAN&gt;&lt;/P&gt;&lt;/DIV&gt;&lt;/DIV&gt;&lt;/DIV&gt;</idAbs><searchKeys><keyword>City of Cambridge</keyword><keyword>Subway stations</keyword><keyword>MBTA</keyword></searchKeys><dataChar><CharSetCd value="004"/></dataChar><idCredit>City of Cambridge</idCredit><resConst><Consts><useLimit>&lt;DIV STYLE="text-align:Left;"&gt;&lt;DIV&gt;&lt;DIV&gt;&lt;P&gt;&lt;SPAN&gt;None&lt;/SPAN&gt;&lt;/P&gt;&lt;/DIV&gt;&lt;/DIV&gt;&lt;/DIV&gt;</useLimit></Consts></resConst></dataIdInfo><metainfo><langmeta Sync="TRUE">en</langmeta><metstdn Sync="TRUE">FGDC Content Standards for Digital Geospatial Metadata</metstdn><metstdv Sync="TRUE">FGDC-STD-001-1998</metstdv><mettc Sync="TRUE">local time</mettc><metc><cntinfo><cntorgp><cntper>GIS Manager</cntper><cntorg>City of Cambridge GIS</cntorg></cntorgp><cntaddr><addrtype>mailing and physical address</addrtype><city>Cambridge</city><state>MA</state><postal>02139</postal><address>831 Massachusetts Ave., 2nd Floor</address></cntaddr><cntvoice>617-349-4140</cntvoice><cntfax>617-349-6165</cntfax><cntemail>gis@cambridgema.gov</cntemail></cntinfo></metc><metd Sync="TRUE">20100722</metd></metainfo><mdLang><languageCode Sync="TRUE" value="eng"/><countryCode value="USA" Sync="TRUE"/></mdLang><mdStanName Sync="TRUE">ISO 19115 Geographic Information - Metadata</mdStanName><mdStanVer Sync="TRUE">DIS_ESRI1.0</mdStanVer><mdChar><CharSetCd Sync="TRUE" value="004"/></mdChar><mdHrLv><ScopeCd Sync="TRUE" value="005"/></mdHrLv><mdHrLvName Sync="TRUE">dataset</mdHrLvName><distinfo><resdesc>Available upon request</resdesc><custom>Contact the Cambridge GIS Department at the phone number listed below.</custom></distinfo><distInfo><distributor><distorTran><onLineSrc><orDesc Sync="TRUE">002</orDesc><linkage Sync="TRUE">Server=otis; Service=5151; Database=cambridge; User=aroesch; Version=sde.DEFAULT</linkage><protocol Sync="TRUE">ArcSDE Connection</protocol></onLineSrc></distorTran><distorFormat><formatName Sync="TRUE">SDE Feature Class</formatName></distorFormat></distributor><distFormat><formatName Sync="TRUE">Shapefile</formatName></distFormat><distTranOps><transSize Sync="TRUE">0.000</transSize></distTranOps></distInfo><spdoinfo><direct Sync="TRUE">Vector</direct><ptvctinf><esriterm Name="TRANS_SubwayStations"><efeatyp Sync="TRUE">Simple</efeatyp><efeageom code="1" Sync="TRUE"></efeageom><esritopo Sync="TRUE">FALSE</esritopo><efeacnt Sync="TRUE">0</efeacnt><spindex Sync="TRUE">FALSE</spindex><linrefer Sync="TRUE">FALSE</linrefer></esriterm></ptvctinf></spdoinfo><spref><horizsys><cordsysn><geogcsn Sync="TRUE">GCS_North_American_1983</geogcsn><projcsn Sync="TRUE">NAD_1983_StatePlane_Massachusetts_Mainland_FIPS_2001_Feet</projcsn></cordsysn><planar><planci><plance Sync="TRUE">coordinate pair</plance><plandu Sync="TRUE">survey feet</plandu><coordrep><absres Sync="TRUE">0.000313</absres><ordres Sync="TRUE">0.000313</ordres></coordrep></planci></planar><geodetic><horizdn Sync="TRUE">North American Datum of 1983</horizdn><ellips Sync="TRUE">Geodetic Reference System 80</ellips><semiaxis Sync="TRUE">6378137.000000</semiaxis><denflat Sync="TRUE">298.257222</denflat></geodetic></horizsys><vertdef><altsys><altenc Sync="TRUE">Explicit elevation coordinate included with horizontal coordinates</altenc><altres Sync="TRUE">0.250000</altres></altsys></vertdef></spref><refSysInfo><RefSystem><refSysID><identCode Sync="TRUE" code="2249">NAD_1983_StatePlane_Massachusetts_Mainland_FIPS_2001_Feet</identCode><idCodeSpace Sync="TRUE">EPSG</idCodeSpace><idVersion Sync="TRUE">8.2.6</idVersion></refSysID></RefSystem></refSysInfo><spatRepInfo><VectSpatRep><geometObjs Name="TRANS_SubwayStations"><geoObjTyp><GeoObjTypCd value="004" Sync="TRUE"></GeoObjTypCd></geoObjTyp><geoObjCnt Sync="TRUE">0</geoObjCnt></geometObjs><topLvl><TopoLevCd value="001" Sync="TRUE"></TopoLevCd></topLvl></VectSpatRep></spatRepInfo><eainfo><detailed Name="TRANS_SubwayStations"><enttyp><enttypl Sync="TRUE">TRANS_SubwayStations</enttypl><enttypt Sync="TRUE">Feature Class</enttypt><enttypc Sync="TRUE">0</enttypc></enttyp><attr><attrlabl Sync="TRUE">FID</attrlabl><attalias Sync="TRUE">FID</attalias><attrtype Sync="TRUE">OID</attrtype><attwidth Sync="TRUE">4</attwidth><atprecis Sync="TRUE">0</atprecis><attscale Sync="TRUE">0</attscale><attrdef Sync="TRUE">Internal feature number.</attrdef><attrdefs Sync="TRUE">Esri</attrdefs><attrdomv><udom Sync="TRUE">Sequential unique whole numbers that are automatically generated.</udom></attrdomv></attr><attr><attrlabl Sync="TRUE">STATION</attrlabl><attalias Sync="TRUE">STATION</attalias><attrtype Sync="TRUE">String</attrtype><attwidth Sync="TRUE">25</attwidth><atprecis Sync="TRUE">0</atprecis><attscale Sync="TRUE">0</attscale><attrdef>Name of subway station</attrdef></attr><attr><attrlabl Sync="TRUE">LINE</attrlabl><attalias Sync="TRUE">LINE</attalias><attrtype Sync="TRUE">String</attrtype><attwidth Sync="TRUE">12</attwidth><atprecis Sync="TRUE">0</atprecis><attscale Sync="TRUE">0</attscale><attrdef>Subway line</attrdef></attr><attr><attrlabl Sync="TRUE">SHAPE</attrlabl><attalias Sync="TRUE">Shape</attalias><attrtype Sync="TRUE">Geometry</attrtype><attwidth Sync="TRUE">0</attwidth><atprecis Sync="TRUE">0</atprecis><attscale Sync="TRUE">0</attscale><attrdef Sync="TRUE">Feature geometry.</attrdef><attrdefs Sync="TRUE">ESRI</attrdefs><attrdomv><udom Sync="TRUE">Coordinates defining the features.</udom></attrdomv></attr></detailed></eainfo><mdDateSt Sync="TRUE">20140331</mdDateSt><dataqual><posacc><horizpa><horizpar>Points placed at building centroids</horizpar></horizpa></posacc></dataqual><mdContact xmlns=""><editorSource>external</editorSource><editorDigest>82560730c343113f11bc3ebe48bea0e2</editorDigest><rpIndName>Cambridge GIS</rpIndName><rpOrgName>City of Cambridge</rpOrgName><rpPosName>GIS Data</rpPosName><rpCntInfo xmlns=""><cntAddress addressType="both"><delPoint>831 Massachusetts Ave</delPoint><city>Cambridge</city><adminArea>MA</adminArea><postCode>02139</postCode><country>US</country><eMailAdd>CambridgeGIS@cambridgema.gov</eMailAdd></cntAddress><cntPhone><voiceNum tddtty="">617-349-4140</voiceNum></cntPhone></rpCntInfo><editorSave>True</editorSave><displayName>Cambridge GIS</displayName><role><RoleCd value="003"/></role></mdContact></metadata>
